id;first_name;last_name;street;zip;city;email;phone_number;jhi_order;price_category;max_price;payment_method
1;Kennedi;McGlynn;Berge Tunnel;Plast;Brekkehaven;Alvera39@yahoo.com;Italy Bedfordshire Incredible Fresh Cheese;../fake-data/blob/hipster.txt;PREMIUM;29088;PAYPAL
2;Edgardo;Schuster;Homenick Ways;Handm;Darianbury;Jeramie_Braun@yahoo.com;SDD Islands;../fake-data/blob/hipster.txt;PREMIUM;30428;PAYPAL
3;Prince;Bartoletti;Donavon Cliff;Wall ;North Anastasia;Retha_Schroeder52@gmail.com;overriding incentivize New Israeli Sheqel;../fake-data/blob/hipster.txt;PREMIUM;34198;CASH
4;Darius;Reichert;Gorczany Estate;Check;South Mekhiport;Ellen.King@hotmail.com;Applications;../fake-data/blob/hipster.txt;PREMIUM;21921;PAYPAL
5;Kareem;Mosciski;Ron Meadows;Tasty;Port Lillian;Timmothy_Lind@hotmail.com;redundant Generic Metal Cheese seize;../fake-data/blob/hipster.txt;CHEAP;68967;PAYPAL
6;Leonardo;Purdy;Kuhn Crossroad;Borde;Howellchester;Beverly.Hintz49@yahoo.com;Buckinghamshire calculating;../fake-data/blob/hipster.txt;CHEAP;49488;PAYPAL
7;Jerome;Kohler;Kaci Camp;Aweso;Kunzehaven;Delilah.Marquardt@yahoo.com;Avon real-time payment;../fake-data/blob/hipster.txt;CHEAP;85367;PAYPAL
8;Brendan;Dickinson;Willms Burgs;monit;Lubowitzmouth;Jennifer.Erdman9@gmail.com;Computers turquoise Monitored;../fake-data/blob/hipster.txt;PREMIUM;96747;PAYPAL
9;Karina;Sipes;Carli Spurs;time-;Fabianmouth;Odell_Gerhold76@gmail.com;markets metrics;../fake-data/blob/hipster.txt;CHEAP;13106;CASH
10;Frederick;Collins;Heaney Oval;Integ;Kirkland;Rod.Ritchie68@yahoo.com;Bedfordshire lavender archive;../fake-data/blob/hipster.txt;PREMIUM;71533;PAYPAL
